name,angular,artistic,attention-grabbing,attractive,bad,boring,calm,capitals,charming,clumsy,complex,cursive,delicate,disorderly,display,dramatic,formal,fresh,friendly,gentle,graceful,happy,italic,legible,modern,monospace,playful,pretentious,serif,sharp,sloppy,soft,strong,technical,thin,warm,wide
Astloch-Bold,52.11,85.05,60.92,53.88,89.3,77.42,39.81,0,65.11,78.73,91.19,80.78,37.77,100,85.87,91.41,11.12,69.04,46.85,59.48,39.27,43.01,9.28,25.57,71.88,0,96.79,46.97,5.48,40.34,79.54,62.61,41.17,71.99,49.43,53.53,37.33
BilboSwashCaps-Regular,99.25,95.5,38.84,76.65,48.81,18.6,71.61,0,82.25,62.72,77.34,83.93,64.08,51.89,81.09,85.25,42.51,75.61,72.11,83.82,69.24,63.64,91.66,36.43,86.86,0,65.15,69.58,81.28,70,78.55,80.33,26.38,80.27,78.91,43.08,21.22
SonsieOne-Regular,70.7,95.02,100,73.72,53.71,55.21,46.52,0,76.12,75.62,93.55,81.86,27.8,63.98,75.98,91.06,52.94,77.27,64.05,82.85,76.26,66.68,91.45,58.5,73.32,0,68.66,83.77,79.76,32.01,77.05,40.21,77.7,66.98,5.03,84.61,75.91
Parisienne-Regular,92.17,93.23,56.41,78.74,41.38,14.77,67.7,0,85.3,55.09,76.3,84.74,63.05,68.13,75.95,75.35,47.84,81.58,86.46,87.86,86.61,80.16,91.92,48.5,88.83,0,86.13,68.35,8.18,63.07,71.84,91.55,20.2,49.12,80.31,51.21,26.35
Damion,74.8,88.87,64.12,80.33,34.96,21.21,65.04,0,97.37,58.86,78.04,84.46,62.53,49.85,75.52,76.39,56.4,85.64,84.32,85.42,81.74,62.18,91.71,51.23,78.88,0,76.36,78.56,9.86,66.56,83.66,84.32,45.63,84.02,57.72,80.56,33.16
PressStart2P-Regular,23.42,45.51,54.64,18.53,96.2,94.52,0,0,24.27,92.68,82.39,5.7,1.71,74.9,74.96,55.23,0.52,0,0,0,2.59,0,9.3,22.37,24.24,100,55.94,52.34,83.44,0,37.68,25.15,64.26,49.53,19.6,68.83,97.66
Arizonia-Regular,87.92,91.8,52.27,78.47,56.57,22.96,70.74,0,99.47,64.54,88.3,84.38,63.41,68.37,74.6,85.48,39.09,78.44,71.23,91.93,82.73,78.43,91.27,33.13,84.75,0,78.41,66.63,13.59,66.47,100,82.53,29.95,78.41,76.43,55.71,22.2
GreatVibes-Regular,95.05,95.65,59.16,71.06,29.17,16.01,68.1,100,91.26,48.31,85.95,83.45,100,46.25,74,85.99,43.93,76.03,77.84,95.64,87.92,78.15,91.57,56.81,87,0,86.61,68.1,8.73,60.98,83.41,93.91,27.89,79.04,81.37,62.56,22.96
Orbitron-Black,48.16,50.87,64.29,60.29,70.54,70.53,42.19,0,49.66,58.87,72.2,4.3,16.14,57.06,73.85,72.14,35.06,75.09,39.11,68.43,37.32,23.54,9.34,52.37,59.59,0,56.21,58.37,10.11,58.06,29.24,30.36,76.43,67.64,15.32,63.18,66.24
JustAnotherHand-Regular,49.4,63.74,31.68,36.48,89.57,100,65.44,0,56.93,92.63,71.22,6.57,53.11,77.97,72.72,48.2,22.28,58.73,64.98,69.57,46.37,34.12,9.56,18.53,52.56,0,70.6,33.17,10.68,11.47,70.85,66.14,27.95,39.59,71.57,36.36,23.58
Redressed,45.26,81.28,51.94,66.46,21.28,31.34,78.57,0,87.74,37.64,58.67,4.47,62.13,38.78,72.69,68.66,67.3,95.2,80.13,87.94,78.76,79.35,9.4,53.6,72.16,0,69.88,55.81,13.94,70.8,56.44,87.02,41.57,81.85,63.75,71.84,32.92
AveriaSerifLibre-Italic,63.65,53.7,46.23,78.17,12.43,22.43,86.38,0,88.21,25.08,32.15,4.51,59.06,27.78,72.58,56.21,74.91,96.76,90.08,99.27,82.7,63.75,91.16,89.36,72.12,0,53.89,37.52,84.6,77.29,52.73,86.15,50.43,60.73,55.27,78.5,44.61
FingerPaint,46.92,69.95,59.26,53.82,85.01,71.96,40.65,0,52.98,100,93.54,81.1,41.87,97.24,72.49,85.08,25.99,68.83,67.91,64.43,46.01,58.98,9.18,26.98,66.14,0,100,56.9,13.15,8.44,76.4,53.41,55.11,39.12,41.31,75.28,62.97
Slackey,54.85,73.81,86.28,69.42,64.82,88.31,52.21,0,58.4,63.23,85.29,3.37,12.41,93.54,71.79,76.76,22.88,75.68,49.1,55.69,48.57,55.83,9.36,38.38,51.93,0,76.36,59.79,10.63,15.48,54.2,36.83,73.72,74.5,15.74,71.93,68.8
Bello-Pro,69.72,98.71,63.86,71.16,50.42,48.16,50.17,0,80.34,70.4,81.83,80.86,54.7,82.13,71.39,82.49,43.35,73.49,71.08,66.16,74.41,68.43,91.51,39.23,80.43,0,69.62,74.73,16.63,44.32,77.66,55.35,59.54,63.94,19.9,88.07,37.41
Orbitron-Medium,48,48.5,58.72,60.29,74.16,81.29,52.52,0,44.86,55.32,55.47,4.3,27.78,46.41,70.8,63.19,40.6,72.68,38.11,70.54,43.35,23.34,9.34,50.43,52.49,0,55.82,57.54,10.25,66.06,29.52,49.79,66.63,76.66,34.08,59.28,65.49
AveriaLibre-LightItalic,69.06,38.53,35.6,66.08,20.92,25.14,90.29,0,70.92,23.93,32.75,5.7,45.61,38.72,70.75,40.86,68.73,87.48,86.56,93.74,74.27,63.33,91.59,80.22,54.39,0,50.11,37.93,11.84,64.37,49.56,95.12,41.08,59.11,65.99,51.75,41.47
Satisfy,74.23,88.77,59.42,81.95,21.4,31.73,71.68,0,88.35,54.41,70.83,83.43,68.29,57.34,70.59,67.06,49.82,84.57,88.59,89.86,85,92.44,91.61,58.14,84.56,0,77.86,73.55,12.64,71,71.47,80.86,25.19,63.76,70.04,56.46,34.55
Asset,35.62,43.36,43.66,41.14,71.79,75.37,12.01,0,22.9,66.34,72.15,5.65,7.31,60.18,70.32,53.84,37.93,44.05,15.06,47.44,23.39,14.6,9.8,14.63,39.09,0,35.67,44.45,84.56,6.28,40.44,37.41,81.11,20.49,1.08,71.87,77.89
Frijole,23.18,70.17,70.69,77.43,86.15,53.85,9.85,0,40.67,83.92,92.11,5.57,12.42,79.71,70.3,82.89,0,58.55,52.45,53.44,1.57,33.01,9.56,33.83,64.24,0,62.13,62.75,11.44,15.83,51.71,15.33,83.62,61.54,5.97,92.49,100
Niconne-Regular,64.51,77.67,62.51,89.45,27.98,15.8,77.39,0,98.24,46.22,63.57,81.75,73.69,40.18,69.75,70.73,55.04,90.58,100,93.33,100,80.32,92.02,60.47,83.09,0,76.32,74.52,10.43,73.37,56.88,89.24,37.58,76.15,72.83,68.91,27.91
EagleLake-Regular,79.44,93.4,66.6,83.68,38.26,27.28,63.67,0,89.45,44.92,69.7,5.56,47.74,49.11,69.71,69.64,41.59,82.95,82.85,88.34,76.75,73.96,9.88,64.23,79.46,0,58.38,75.76,82.12,61.03,67.05,71.39,56.93,69.84,40.97,84.91,70.73
MarckScript-Regular,90.55,81.91,61.54,81.97,31.45,6.69,74.82,0,90.48,57.68,70.2,81.53,64.36,55.6,69.53,81.62,52.48,81.08,85.75,83.16,79,94.51,91.67,53.23,81.48,0,85.79,67.23,9.9,58.51,81.07,96.71,31.52,49.32,75.84,72.32,34.41
MervaleScript-Regular,91.34,96.78,54.7,83.87,41.71,13.42,66.94,0,93.11,56,82.48,82.34,65.23,56.92,69.25,77.86,45.15,71.26,74.93,85.06,78.43,57.2,91.98,53.17,86.57,0,89.19,72.82,13.57,77.57,87.81,78.57,33.12,79.78,68.92,62.58,21.3
Smokum-Regular,58.97,60.13,51.52,37.74,62.3,79.09,53.02,0,50.8,59.22,90.26,4.3,32.11,59.67,67.73,65.07,42.23,59.3,43.35,51.84,31.15,40.17,9.34,16.36,57.53,0,55.99,46.03,82.14,48.75,38.51,44.7,47.86,70.5,48.4,54.36,31.2
YanoneTagesschrift,33.49,61.72,58.98,76.23,42.89,58.79,53.72,0,80.51,54.27,70.76,6.9,40.67,47.71,67.1,72.61,54.01,82.77,67.49,84.22,72.86,68.05,8.97,63.12,56.97,0,65.75,58.36,79.52,56.69,42.97,61.55,58.15,66.49,29.15,92.78,54.96
AllertaStencil-Regular,41.24,37.14,56.02,55.45,36.7,45.98,64.3,0,62.27,40.46,52.85,5.15,27.04,36.89,66.97,57.3,50.91,78.85,62.77,73.47,59.45,37.62,9.34,48.85,66.88,0,46.94,54.89,8.7,50.69,26.55,60.14,58.81,78.19,40.47,69.36,63.16
PasseroOne-Regular,70.4,80.44,57.68,54.4,51.1,57.18,47.29,0,63.93,54.97,76.05,4.3,39.22,58.85,66.93,86.77,26.45,80.9,50.13,67.03,32.13,49.08,9.34,39.84,66.63,0,77.65,49.39,7.79,37.56,46.57,46.99,62.18,66.47,33.13,62.6,41.75
PlayfairDisplaySC-BoldItalic,76.59,85.87,88.87,96.85,60.62,15.01,36.02,100,77.15,54.48,91.86,81.77,40.13,50.17,66.38,91.05,29.94,78.74,73.57,84.13,65.86,78.47,91.28,48.38,100,0,71.45,100,87.91,60.65,61.21,39.96,67.42,96.92,24.86,77.03,73.52
Megrim,74.76,64.16,31.75,11.87,95.7,78.26,71.55,0,44.11,62.5,65.84,4.3,50.37,70.49,66.02,63.57,34.01,74.77,36.13,69.32,6.54,32.47,9.34,1.65,88.4,0,64.99,31.65,12.24,44.81,46.49,75.8,4,64.72,99.69,34.5,50.67
Kenia-Regular,59.49,65.73,55.04,57.36,54.36,72.82,54.89,0,64.18,69.6,75.16,5.15,44.44,71.79,65.14,72.35,33.74,67.8,48.3,58.38,59.58,23.65,9.34,19.65,70.56,0,56.28,58.31,14.26,35.51,42.07,49.52,61.37,100,27.87,67.26,40.86
AveriaSansLibre-Italic,52.05,35.44,43.08,59.94,21.16,29.89,86.25,0,68,22.8,27.33,4.35,50.17,26.25,64.85,44.57,70.85,90.16,86.26,93.2,81.12,55.82,91.55,74.33,42.07,0,51.55,38.26,9.73,75.47,49.83,85.88,50.94,56.87,61.28,67.11,43.96
BlackOpsOne-Regular,26.4,49.45,71.72,71.68,48.79,64.25,52.69,0,60.99,48.23,67.02,5.09,21.21,57.13,63.21,63.25,17.76,79.72,50.07,70.66,54.17,39.12,9.32,48.05,80.62,0,61.7,67.28,9.52,59.45,28.9,41.3,75.48,86.17,5.02,79.38,66.76
PlayfairDisplay-Italic,79.21,79.31,54.1,85.82,29.42,15.98,73.98,0,93.32,37.27,70.07,7.73,62.2,31.55,63.18,74.75,56.81,89.04,78.82,98.55,86.36,67.97,91.88,64.69,82.09,0,76.86,78.45,84.69,68.02,64.04,80.06,43.52,85.16,66.67,65.88,45.85
Ranchers-Regular,30.88,56.72,66.89,58.14,61.4,66.21,33.83,0,55.13,63.8,55.45,3.58,9.63,68.99,61.16,55.97,40.28,81.1,48.87,61.53,36.23,52.36,9.32,51.48,43.24,0,49.76,51.01,8.65,46.2,36.44,46.12,74.47,33.45,12.86,74.63,49.41
OriginalSurfer-Regular,39.99,63.81,61.73,76.13,27.44,37.71,74.68,0,73.75,50.94,40.79,3.52,45.18,41.61,60.55,76.02,49.16,94.22,76.62,90.06,69.12,77.08,9.34,81.18,58.07,0,64.06,59.08,15.16,54.48,37.84,76.9,56.76,52.59,42.53,81.31,49.99
Brevia-Regular,51.88,30.35,27.04,34.67,37.7,45.89,82.63,0,55.97,22.66,27.72,3.77,38.95,43.61,59.92,31.03,55.17,81.62,70.32,82.05,48.41,45.18,9.32,59.85,33.63,0,42.09,14.84,9.94,63.42,35.22,80.8,42.98,38.08,60.72,28.34,53.79
GentiumBasic-BoldItalic,61.59,72.9,62.9,91.46,16.13,9.31,78.41,0,97.7,28.66,55.67,4.5,60.82,26.67,59.56,57.65,79.25,94.47,82.24,91.97,86.27,85.02,91.54,87.23,80.02,0,64.68,67.31,83.05,78.64,55.79,83.38,55.09,70.17,40.42,100,40.21
KellySlab-Regular,80.89,67.17,51.32,48.57,32.72,42.82,66.8,0,73.63,49.07,67.66,4.3,45.64,35.82,59.4,53.97,55.5,83.4,60.15,86.63,65.62,45.69,9.34,66.88,68.42,0,63.58,50.04,82.98,93.57,35.73,62.91,50.19,86.05,53.43,54.81,46.63
Julee-Regular,80.55,94.74,52.31,45.36,47.67,27.45,70.16,0,74.79,70.38,68.36,3.77,50.68,61.48,58.39,74.89,6.09,79.96,72.08,75,55.9,58.74,9.79,60.28,68.93,0,81.48,51.7,16.46,62.24,74.64,84.99,31.93,75.84,63.03,47.43,35.7
Lobster,70.73,91.23,75.33,90.6,26.12,12.31,62.48,0,97.04,57.89,95.72,4.38,50.8,41.98,57.49,86.09,54.96,93.39,79.28,84.21,87.99,83.75,91.76,55.5,83.46,0,74.58,78.75,14.1,55.5,59.58,65.93,64.85,60.3,18.88,84.77,42.55
MergeOne-Regular,20.24,16.9,31.56,21.49,50.26,92.83,63.8,0,0,48.64,41.2,4.3,7.66,50.24,52.73,34.02,25.36,65.89,15.42,59.15,0.37,11.02,9.34,32.79,14.34,0,34.79,9.58,9.36,17.26,27.78,63.47,39,37.98,58.92,33.58,46.41
GentiumBasic,38.97,29.35,28.42,45.43,14.05,54.17,89.14,0,56.77,5.48,17.7,4.3,46.06,10.06,44.33,20.46,96.29,91.25,83.87,97.55,51.23,49,9.34,86.6,36.9,0,15.11,23.42,81.25,80.28,23.9,86.97,38.56,28.23,70.04,57.77,44.61
CrimsonText-BoldItalic,73.88,80.44,70.11,90.76,15.19,0,79.62,0,97.07,32.49,61.22,5.48,52.71,30.33,28.33,69.02,73.6,94.8,83.74,92.12,88.92,84.9,91.86,83.41,80.52,0,62.47,74.76,87.87,78.49,56.91,73.47,57.69,67.74,46.26,96.46,39.05
LobsterTwo-Italic,85.56,88.91,68.72,87.84,15.23,14.42,66.52,0,91.04,48.12,83.57,4.23,59.19,50.97,23.35,80.63,54.57,92.13,84.57,84.08,92.1,85.17,91.67,65.99,77.37,0,82.42,85.34,14.54,69.12,61.92,77.45,52.69,63.45,45.33,74.75,42.26
EmblemaOne-Regular,55.74,63.92,76.04,65.15,48.73,54.5,50.15,0,69.36,66.03,74.25,4.75,33.62,56.38,23.11,73.58,37.41,80.38,65.38,73.27,73.14,42.34,91.69,57.71,79.31,0,65.07,75.49,80.02,51.67,57.93,39.68,79.96,58.93,14.53,89.08,64.95
Sedan-Italic,92.26,87.07,63.52,79.74,28.97,9.25,76.24,0,96.68,42.81,70.99,76.15,61.3,44.65,21.7,78.44,63.25,90.4,84.59,95.3,86.52,100,91.71,63.5,83.78,0,70.94,77.2,80.94,72.56,86.65,84.95,37.99,67.86,67.59,70.45,36.92
Montez-Regular,65.72,87.9,47.76,67.24,49.39,31.45,73.14,0,90.27,66.21,87.03,78.94,69.08,66.59,20.11,68.06,34.57,65.1,69.93,86.89,67.92,66.56,9.9,22.86,81.23,0,66.11,53.07,11.51,60.67,60.18,100,10.32,65.09,79.23,39.6,28.62
Aldrich,51.45,47.92,49,55.46,45.09,57.87,71.5,100,54.2,39.68,49.96,4.3,32.45,39.29,19.01,57.03,48.39,81.9,55.58,72.9,56.07,38.71,9.34,75.43,64.51,0,45.33,42.03,9.89,76.56,31.8,58.85,57.54,51.82,42.38,60.46,53.2
ClickerScript-Regular,69.03,78.92,47.78,50.53,64.01,32.94,71.84,0,74.63,59.21,90.12,82.91,69.57,83.53,18.44,83.98,37.05,73.08,75.5,82.77,63.87,64.25,91.25,32.33,71.52,0,72.15,58.32,10.7,58.78,74.04,91.53,6.72,54.41,87.1,46.63,21.88
StardosStencil-Bold,41.25,42.29,66.84,77.41,30.67,40.96,64.26,0,72.75,28.83,55.68,5.09,35.37,33.53,17.56,53.77,68.96,85.99,77.63,86.25,73.39,51.52,9.35,77.1,65.45,0,46.55,55.79,75.96,47.86,19.11,43.65,64.39,65.05,31.44,75.97,56.59
Lora-BoldItalic,59.18,61.68,70.85,94.48,13.97,11.05,70.08,0,90.42,28.94,56.94,4.29,49.37,30.66,16.36,74.55,71.57,97.08,83.45,87.76,85.06,83.65,91.65,89.19,85.63,0,65.59,77.08,87.14,66.41,49.59,67.67,69.42,60.99,33.07,89.38,51.77
Marvel-BoldItalic,65.26,38.1,30.1,40.21,33.58,63.01,87.2,0,57.05,22.18,36.64,4.23,43.38,31.4,16.24,35.75,65.24,80.19,72.44,88.31,47.39,43.45,91.73,75.22,44.66,0,41.3,17.28,10.08,76.77,55.47,87.47,37.6,19.9,69.57,41.04,31.98
Iceland-Regular,59.39,54.52,34.53,41.22,45.61,61.12,71.76,0,56.7,29.43,45.09,6,41.65,25.5,16.03,52.64,47.39,82,61.83,89.47,45.9,37.66,9.37,61.6,61.54,0,55.62,53.98,14.12,80,33.4,81.58,35.87,65.11,71.7,37.18,40.62
Cardo-Italic,100,71.97,54.74,79.39,19.34,20.38,87.24,0,87.49,24.5,41.74,4.51,77.43,33.69,16,57.48,61.38,87.61,84.16,97.85,82,86.43,91.71,83.8,73.82,0,56.46,45.73,82.96,100,53.82,88.18,40.26,61.36,78.09,64.49,39.36
JosefinSans-SemiBoldItalic,65.64,38.31,24.33,39.33,20.24,46.92,86.93,0,65.89,28.87,21.13,4.23,53.17,40.58,15.56,38.22,58.4,84.23,74.77,93.67,44.17,41.39,91.67,62.84,38.54,0,45.18,21.04,8.38,85.92,39.49,92.98,31.3,24.32,76.2,52.31,38.28
NovaRound,37.87,40.85,48.42,52.44,36.05,53.86,78.45,0,67.1,37.91,42.95,4.3,46.12,44.81,15.52,56.48,63.86,83.38,67.4,82.03,66.72,54.93,9.34,72.88,34.07,0,48.64,37.51,6.69,60.21,36.04,78.08,51.52,43.77,52.62,63.82,49.12
BowlbyOneSC-Regular,19.19,24.66,81.98,50.32,58.45,76.97,41.21,0,56.37,44.98,48.59,4.45,5.52,29.51,14.57,49.56,52.35,69.97,42.75,69.4,35.95,37.7,9.32,67.01,18.72,0,21.7,62.19,8.76,57.19,21.15,0,100,68.27,7.79,72.17,78.1
SigmarOne,41.02,36.93,85.92,45.45,56.69,75.85,37.49,100,55.89,45.94,64.11,4.31,0,52.22,14.44,55.78,33.83,70.3,58.22,63.5,26.04,19.75,9.3,60.71,38.84,0,38.17,58.07,17.12,39.22,22.21,22.27,90.54,48.98,9.36,72.57,73.43
Oswald-Regular,35.55,17.86,54.5,56.65,30.59,44.92,67.21,0,56.37,34.4,36.31,4.3,37.28,23.81,14.35,21.77,65.8,85.78,65.06,77.24,50.45,40.33,9.34,79.04,48.39,0,21.85,49.8,9.06,71.65,18.55,59.53,69.83,56,33.24,68.61,40.26
Trochut,44.4,57.52,43.11,58.81,37.76,48.27,84.26,100,66.61,36.34,54.12,4.24,54.86,35.76,14.11,50.6,64.51,84.35,65.96,85.57,51.79,42.34,9.34,57.93,58.71,0,48.77,41.27,77.5,72.89,38.52,81.58,48.99,82.38,55.91,64.47,38.15
Rosarivo-Italic,84.26,74.72,52.98,71.88,22.2,12.87,85.16,0,88.75,33.81,51.17,5.9,64.92,35.57,13.56,69.29,77.63,88.24,84.88,95.36,75.82,65.92,91.66,80.33,63.01,0,68.17,61.81,84.08,91.64,50.55,86.15,43.15,69.51,65.99,67.05,45.24
Rationale-Regular,43.45,47.07,30.46,38.25,50.22,61.49,70.29,0,39.09,36.64,39.21,4.3,41.99,27.84,13.48,47.04,63.49,79.9,62.88,85.01,48.6,21.46,9.34,48.85,62.32,0,37.35,22.89,10.01,73.17,28.84,71.33,43.22,69.1,61.38,51.7,37.23
Sacramento-Regular,63,79.3,36.88,75.53,43,26.87,72.95,0,71.82,75.78,82.69,83.99,59.57,72.53,13.39,69.53,34.05,82.54,68.49,86.51,70.8,63,91.51,25.55,75.42,0,89.17,49.81,10.47,49.4,60.92,86.07,4.79,68.54,92.66,59.47,23.09
IM_FELL_English_Roman,38.37,38.36,44.39,64.01,18.93,42.79,76.62,0,74.77,13.98,34.31,5.11,49.57,11.09,13.24,41.42,77.34,88.59,79.31,94.37,66.48,51.35,8.93,84.62,50.66,0,36.3,25.69,81.49,84.61,31.94,75.56,55.49,36.14,54.44,56.75,43.86
GoudyBookletter1911,47.78,23.9,36.85,61.73,1.67,44.14,97.5,0,74.28,5.03,23.94,5.23,48.77,11.46,13.01,30.79,78.08,92.38,83.9,94.88,69.37,48.53,9.34,81.77,41.25,0,22.79,31.45,85.94,78.31,27.58,88.26,44.4,30.41,60.97,59.5,43.03
AndadaSC-Bold,46.88,40.53,70.57,71.84,41.41,45.35,50.18,100,63.28,37.38,46.99,4.24,30.48,26.82,12.95,44.98,72.67,100,57.53,79.66,57.85,50.71,9.35,88.03,31.97,0,30.48,74.15,85.71,79.48,22.05,39.19,76.42,63.62,3.23,71.76,61.46
FrancoisOne-Regular,16.64,11.14,57.5,52.4,25.2,42.86,70.09,0,55.98,29.46,31.87,4.3,27.24,16.9,12.95,27.01,77.96,85.97,59.25,84.56,51.7,51.29,9.31,84.52,38.83,0,24.98,52.15,9.06,57.71,13.39,51.86,78.73,43.06,26.88,73.45,45.9
Magra-Bold,15.69,23.91,58.16,59.01,28.48,42.59,70.74,0,59.36,29.07,23.36,4.3,28.67,14.69,12.79,42,71.39,86.56,65.54,82.88,61.27,45.79,9.31,83.5,34.85,0,25.26,48.16,9.33,46.93,8.22,55.91,77.81,29.81,19.34,80.41,48.43
FredokaOne-Regular,11.26,33.98,65.61,65.02,42.83,61.92,60.28,0,64.36,37.53,54.53,4.81,29.04,31.07,12.75,51.43,51.8,89.59,65.4,75.29,55.87,49.46,9.37,74.87,46.7,0,38.4,47.51,8.3,49.47,25.21,48.65,81.68,36.59,6.11,75.58,63.16
Trochut-Italic,75.14,72.18,48.07,66.11,36.53,27.9,78.15,0,71.36,46.45,48.34,4.17,53,36.14,12.45,62.05,49.09,83.86,78.66,91.62,71.61,55.41,91.67,57.82,62.51,0,54.83,53.23,73.98,77.97,59.73,83.49,46.52,73.11,61.19,63.75,36.88
FanwoodText-Italic,60.49,62,43.72,71.79,9.49,8.09,86.38,0,93.75,20.98,55.27,11.45,71.15,24.92,12.18,52.44,70.49,87.29,92.34,94,74.29,82.65,91.65,80.83,65.13,0,67.21,46.3,83.53,77.09,60.5,90.36,42.32,49.36,71.52,61.14,33.08
ModernAntiqua-Regular,39.37,41.71,47.26,63.32,20.06,38.43,76.61,0,77.32,37.31,46.47,4.36,41.77,39.44,11.96,62.36,68.34,92.55,66.25,92.43,71.37,60.24,9.43,83.38,56.79,0,44.72,58.8,86.07,72.14,40.22,75.29,55.43,49.74,52.29,71.61,54.09
TitanOne,16.67,33.24,99.38,52.39,42.89,66.12,49.58,0,56.7,45.85,56.57,4.24,11.02,39.11,11.86,55.22,55.27,77.44,42.95,66.16,41.89,22.94,9.3,71.79,42.79,0,44.46,52.48,9.95,43.14,20.36,35.06,78.21,45.91,10.01,83.96,65.84
Nobile-Medium,23.62,19.51,53.72,55.42,24.4,49.65,67.44,0,63.29,27.73,34.22,4.3,36.57,21.1,11.55,43.72,81.89,90.82,73.07,82.69,55.8,47.23,9.34,91.88,42.96,0,31.43,39,9.18,71.52,20.65,66.22,70.41,30.12,29.79,80.6,57.09
Jura-Light,40.5,36.38,23.22,10.96,46.73,60.72,88.74,0,52.12,38.9,33.65,4.3,47.28,39.59,11.41,36.12,54.83,70.64,43.87,83.16,43.48,30.05,9.34,66.24,29.29,0,28.25,30.87,9.32,70.93,31.74,87.19,23.03,58.62,88.81,36.68,43.58
Fenix,32.96,26.82,35.24,56.56,9.47,30.33,87.62,0,63.78,4.22,22.59,4.3,44.21,12.04,11.39,28.66,88.82,93.07,77.17,94.87,65.98,48.32,9.35,83.04,42.91,0,29.21,22.07,81.16,87.34,21.83,80.54,49.27,38.99,58.8,65.14,43.54
Nobile-MediumItalic,49.54,29.31,47.66,60.96,21.29,44.51,76.28,0,63.46,26.66,25.81,4.23,43.39,29.42,11.14,36.57,77.57,90.76,83.9,91.32,64.8,63.68,91.73,89.12,43.62,0,29.81,33.19,9.64,77.07,47.45,81.13,57.51,31.55,47.86,71.15,49.65
Oswald-Bold,3.98,27.86,59.32,45.51,43.79,69.78,60.57,0,48.81,35.36,37.02,4.3,27.08,18.89,11.09,32.94,68.25,71.49,48.45,74.89,49.5,42.69,9.3,73.16,27.96,0,26.26,47.53,8.94,53.21,16.86,52.53,76.38,55.86,19.94,66.41,49.51
GentiumBasic-Bold,37.11,31.54,50.19,70.62,12.13,32.05,74.7,0,76.93,17.49,25.54,4.24,44.32,17.87,11.02,34.84,85.23,94.67,83.8,96.5,71.89,55.27,9.34,93.92,47.62,0,28.48,55.36,86.27,80.54,22.31,70.77,60.55,43.77,34.97,75.81,49.64
HeadlandOne-Regular,38.32,34.86,58.74,58.45,15.7,39.81,86.18,0,69.54,16.66,34.51,4.16,41.22,15.46,11.02,37.54,70.12,97.52,77.76,92.72,58.83,47.26,9.34,90.1,53.5,0,35.68,35.58,85.99,67.18,22.62,65.41,63.1,61.35,45.32,77.31,62.04
Paprika-Regular,73.27,67.21,69.21,74.37,21.84,25.84,67.65,0,88.86,38.27,39.73,4.23,54.36,38.1,10.7,59.67,53.67,90.74,83.91,87.67,72.73,69.58,91.24,78.8,81.75,0,74.49,48.21,15.77,81.01,69.22,73.84,56.6,59.7,44.72,83.98,55.89
Syncopate-Bold,22.51,36.92,76.29,46.09,67.9,88.69,44.77,100,55.9,46.83,52.8,4.77,10.91,52.47,10.63,61.01,47.64,74.01,37.91,59.18,38.69,37.05,9.34,46.24,37.24,0,47.2,56.52,10.82,19.74,19.57,42.35,79.48,66.82,9.09,62.75,88.46
PTSans-Caption,18.05,17.87,39.33,51.06,19,39.55,90.13,0,65.72,12.51,11.89,4.3,42.96,18.72,10.59,21.19,90.81,92.96,72.04,90.95,56.68,38.37,9.34,97.25,25.86,0,21.07,29.42,9.79,59.91,17.72,75.59,54.12,13.37,51.43,67.23,57.54
Marvel-Bold,39.68,22.1,28.74,44.58,33.11,76.16,91.42,0,51.94,16.6,21.98,4.3,45.85,20.26,10.16,11.4,67.88,87.18,77.56,88.46,40.6,38.29,9.34,66.4,39.27,0,24.78,16.79,9.51,73.02,19.01,89.55,39,15.06,77.12,38,0
Tulpen,51.9,48.84,20.69,20.26,70.53,96.18,76.02,0,41.98,63.12,58.66,4.3,52.23,46.96,10.15,43.04,26.66,26.01,13.63,80.94,33.18,8.09,9.34,17.38,44.9,0,34.67,34.91,8.9,58.54,38.97,81.97,11.33,28.63,81.31,26.36,16.13
SourceCodePro-ExtraLight,56.23,22.21,7.63,11.74,62.39,96.57,76.27,0,28.6,25.09,19.8,4.3,38.92,44.91,10,39.7,48.53,66.99,44.83,81.17,22.74,3.07,9.37,41.4,0,100,16.9,11.91,9.96,60.81,28.59,86.31,7.57,9.94,94.47,27.76,56.95
OFLGoudyStMTT,35.6,36.14,35.74,53.48,4.3,68.78,100,0,62.95,2.25,7.89,4.33,41.21,13.36,9.95,21.91,91.14,82.54,92.31,93.27,52.12,50.35,9.74,91.36,42.93,0,16.05,27.87,87.19,85.93,15.28,90.16,42.9,31.63,70.68,55.72,48.71
ArialRoundedMTBold,26.36,24.59,58.68,65.09,26.18,43.99,70.34,0,68.06,20.4,24.11,4.3,33.4,17.34,9.88,40.22,99.81,91.52,78.75,88.84,63.97,48.67,9.32,83.64,44.94,0,28.36,37.75,9.26,54.85,24.26,65.9,66.79,27.18,30.77,70.62,51.34
Wellfleet-Regular,44.35,35.76,50.69,65.39,22.05,41.76,74.54,0,69.75,35.51,39.52,4.3,37.59,25.47,9.87,44.84,60.25,93.14,67.04,87,68.94,49.84,9.34,84.9,49.68,0,33.98,55.52,80.81,78.57,23.09,54.08,71.09,62.36,36.64,67.82,61.13
Tinos,33.37,15.72,26.85,51.29,11.06,36.32,87.86,0,65.39,4.14,15.1,4.24,42.79,10.57,9.8,19.69,91.83,94.21,72.27,96.6,68.82,40.39,9.34,96.49,29.67,0,9.35,21.11,88.02,89.13,12.81,82.22,48.32,42.13,60.41,63.77,45.79
AdventPro-SemiBold,32.4,26.56,47.66,46.91,37.05,60.32,82.09,0,63.36,22.45,27.57,4.3,35.49,25.46,9.72,31.7,66.99,81.68,66.09,82.53,52.55,43.02,9.34,80.1,38.54,0,32.85,32.11,9.73,67.14,27.88,78.04,53.38,28.78,51.55,55.61,40.3
GFSNeohellenic-Italic,74.69,47.87,32.46,60.28,23.61,38.31,93.42,0,60.59,27.58,26.59,4.35,53.81,30.17,9.72,34.52,64.46,82.37,83.03,97.68,70.46,56.52,91.83,80.59,54.64,0,45.84,31.52,75.05,80.76,53.47,87.87,34.28,38.32,82.71,39.09,40.89
CantoraOne-Regular,22.36,38.6,52.24,65.78,21.68,48.8,77.59,0,70.87,15.21,31.5,4.51,33.44,22.53,9.58,38.76,78.82,91.1,80.68,82.02,68.19,60.73,9.32,87.98,47.77,0,30.16,54.14,9.47,64.58,26.3,63.07,66.9,39.3,32.5,78.68,46.12
GillSansStd,20.48,14.79,36.41,50.28,7.05,46.9,91.16,0,58.51,3.58,10.75,4.3,35.13,11.76,9.43,14.31,82.09,87.14,79.16,91.92,48.86,39.7,9.34,91.14,33.98,0,24.55,28.17,9.06,84.7,17.08,78.67,54.42,22.64,53.84,52.19,44.37
NanumGothicCoding-Bold,20.92,38.91,45.75,51.22,32.44,71.55,73.29,0,61.44,46.83,38.89,4.45,36.04,40.3,9.43,42.87,61.49,86.33,66.02,74.51,56.92,40.69,9.34,67.82,39.7,100,43.79,43.84,10.2,46.92,23.43,62.05,60.88,42.29,30.72,70.56,47.06
Sevillana-Regular,68.08,72.84,53.97,73.61,48.76,57.36,71.46,0,82.83,62.11,85.61,84.26,60.62,58.14,9.37,77.32,35.84,82.51,87.28,81.12,65.75,70.62,9.74,42.27,81.7,0,93.49,60.3,13.03,44.21,64.72,81.11,29.45,69.98,83.22,62.14,21.98
BubblerOne,51.45,53.75,18.43,27.57,44.56,84.04,89.77,0,49.93,46.77,38.94,4.3,40.93,45.26,9.33,43.03,60.11,74.69,65.71,87.31,45.19,43.02,9.34,61.28,60.77,0,39.74,25.26,10.32,59.46,37.03,93.97,24.02,34.25,100,43.8,36.85
LifeSavers-Bold,50.42,54.34,45.06,53.27,29.84,46.24,81.62,0,74.79,38.56,50.02,5.21,46.53,43.76,9.31,42.5,47.65,91.68,83.64,88.7,64.03,60.86,9.04,66.59,52.97,0,55.26,31.08,81.12,69.32,39.7,82.27,40.05,54.48,64.82,64.04,51.72
Rambla-Regular,21.6,14.59,35.95,48.85,17.83,49.53,85.78,0,55.6,18.12,19.49,4.3,37.86,13.35,9.11,28.51,72.03,90.11,78.42,87.52,56.24,40.46,9.34,86.34,43.33,0,31.87,38.28,9.73,63.43,13.1,74.04,51.85,24.98,51.77,53.82,43.61
Rokkitt,23.78,21.08,31.91,52.17,17.65,47.17,98.76,0,62.79,4.56,17.01,4.3,44.14,9.28,9,19.65,86.94,89.7,72.08,98.68,60.84,39.17,9.34,76.82,28.24,0,18.73,30.23,81.9,78.71,13.48,82.6,40.07,25.51,61.65,54.95,44.6
Rokkitt-Light,24.64,19.57,16.6,34.53,29.22,70.62,96.55,0,48.98,0,15.13,4.27,45.21,11.97,9,9.69,90.76,67.75,60.62,96.62,53.27,33.35,9.34,73.34,17.45,0,19.48,13.15,81.73,79.1,16.8,95.07,15.95,19.44,88.22,15.84,45.27
Alegreya-BoldItalic,79.5,70.87,70.27,100,20.39,11.17,71.96,0,100,27.3,65.96,4.52,42.39,30.34,8.93,68.69,72.02,91.28,84.06,86.68,90.62,81.67,91.83,88.96,75.63,0,62.65,63.84,85.6,79.38,59.15,72.29,63.21,61.87,35.48,87.06,41.08
UbuntuMono-Italic,79.59,46.44,41.24,51.61,31.81,62.81,84.58,0,64.66,50.83,42.81,4.84,54.15,46.44,8.91,43.4,52.27,87.74,77.79,83.79,62.74,53.89,91.73,65.79,65.74,100,52.53,44.08,9.73,61.3,62.84,81.18,37.6,46.04,61.99,64.69,46.81
BadScript-Regular,88.39,71.67,47.02,71.13,42.23,13.31,81.03,0,75.11,49.22,56.88,6.51,62.8,48.42,8.73,81.68,45.15,75.83,87,89.5,82.82,66.2,91.6,58.43,65.16,0,97.65,45.32,10.93,86.3,78.01,87.91,23.88,63.2,80.49,57.72,37.83
PTSerif-BoldItalic,81.67,56.04,70.71,84.77,23.27,11.67,71.72,0,88.22,28.76,49.97,4.49,40.6,27.17,8.71,62.02,75.49,96.74,83.06,88.35,91.39,65.47,91.35,90.2,67.53,0,54.89,63.69,86.66,99.92,51.57,66.52,63.82,60.84,27.76,87.06,54.94
Puritan-Bold,24.18,26.78,46.58,57.77,15.67,47.82,81.26,0,65.06,17.74,25.75,4.3,38.36,16.48,8.68,31.05,82.45,90.85,78.2,87.83,64.15,47.15,9.34,86.36,48.94,0,24.1,37.75,9.1,71.22,25.09,71.01,60.38,29.18,42.86,65.58,43.77
AnonymousPro,32.3,26.97,23.9,38.13,26.34,74.86,88.14,0,47.55,12.03,21.88,4.45,41.66,27.87,8.5,25.31,77.03,86.4,72.16,90.3,42.54,21.99,9.34,78.69,35.25,100,28.15,11.73,72.7,59.07,27.75,84.94,36.24,37.15,68.05,44.73,53.16
Inconsolata-Regular,29.07,21.89,23.37,43.16,38.28,79.84,91.73,0,43.64,7.98,26.05,4.45,39.55,31.49,8.5,20.15,67.1,78.62,64.83,88.13,38.15,28.59,9.34,69.3,20.53,0,31.07,6.92,10.79,76.36,30.71,85.31,33.74,32.02,74.03,13.69,46.89
Voltaire,29.96,27.54,37.16,47.69,28.37,56.38,86.92,0,62.12,28.25,24.89,4.3,46.95,27.68,8.44,29.05,67.66,89.77,80.27,85.17,54.08,45.32,9.34,77.44,36.88,0,30.66,30.98,9.35,67.39,27.9,83.14,51.38,28.56,55,52.45,34.8
RopaSans-Regular,22.83,21.78,34.77,36.49,22.11,57.74,88.17,0,53.89,19.47,16.41,4.3,40.88,17.96,8.28,23.72,65.54,86.73,71.89,89.34,56.28,34.9,9.34,82.23,26.81,0,19.25,14.58,9.88,80.15,20.35,77.37,46.32,21.44,58.17,53.14,40.9
Strait-Regular,31.66,21.91,31.17,36.27,39.53,58.57,85.68,0,61.62,22.05,13.28,4.3,40.96,19.31,8.28,20.55,71.81,81.48,65,88.06,44.1,32.98,9.32,83.18,34.67,0,23.37,35.13,9.88,67.15,19.6,76.62,45.87,35.37,60.14,43.02,38.26
RacingSansOne-Regular,75.24,39.84,72.75,77.19,39.95,31.54,63.94,0,71.46,46.67,46.33,4.67,36.65,31.63,8.23,52.59,58.59,85.26,66.2,81.8,66.94,55.93,91.69,80.08,53.45,0,41.23,60.79,11.65,57.41,64.6,54.99,92.12,53.84,9.88,89.4,56.38
Cantarell-BoldOblique,83.17,46.34,72.1,70.27,36.02,28.48,71.63,0,70.91,26.27,48.77,6.6,45.55,42.69,8.11,64.32,53.71,86.16,75.81,85.78,70.4,68.84,91.81,82.54,61.12,0,46.55,55.08,9.94,72.65,70.69,66.64,66.25,53.23,36.05,76.17,58.56
TitilliumWeb-ThinItalic,67.94,31.8,19.85,15.66,32.46,71.15,86.2,0,43.53,33.67,17.4,6.12,47.42,29.77,8.11,24.56,51.08,73.31,60.65,84.75,42.69,20.37,91.73,53.71,15.01,0,33.13,15.45,9.78,83.11,61.31,95.23,12.33,24.86,87.72,0,38.65
LeagueGothic,17.18,42.43,36.47,39.35,39.07,77.61,73.66,0,42.15,37.53,43.12,4.3,35.84,33.55,8.09,37.53,58.89,78.74,55.87,71.06,52.05,21.8,9.28,50.03,53.41,0,32.33,31.43,9.61,58.88,25.83,62.01,58.4,49.33,45.09,58.17,24.3
Muli-Light,35.11,9.76,19.68,28.4,17.29,72.03,92.81,0,53.96,12,3.88,4.3,42.34,16.64,8.04,18.33,80.8,89.46,74.55,89.56,44.85,23.25,9.34,77.79,18.04,0,7.97,10.62,9.7,76.19,16.95,92.47,30.49,0,69.5,33.36,49.94
Share-BoldOSF,32.67,29.24,59.22,60.25,14.78,51.81,70.07,0,59.28,34.94,29.84,4.3,32.16,17.48,7.97,36.65,60.24,90.18,73.35,86.37,58.7,35.44,9.34,78.88,44.55,0,32.81,46.26,9.63,58.52,18.06,55.27,68.44,38.99,30.36,73.39,45.7
ShareTech-Regular,42.39,33.32,36.9,36.21,28.76,67.24,85.25,0,58.7,23.17,26.3,4.3,42.61,20.91,7.97,38.58,59.97,80.85,65.16,90.66,48.18,24.5,9.34,75.25,50.8,0,30.76,35.73,9.88,59.93,20.99,73.37,46.87,34.57,58.71,51.97,37.95
CenturyGothic,25.23,11.45,24.4,36.22,24.12,66.69,93.95,0,28.54,10.19,14.55,4.3,25.93,15.64,7.93,18.5,72.22,90.04,68.23,87.92,34.43,34.79,9.34,82.17,24.95,0,19.42,14.4,9.93,79.51,13.22,92.43,41.26,11.75,63.08,54.25,53.42
Asap-Regular,25.09,15.07,19.03,49.17,17.8,60.18,84.49,0,62.29,9.11,20.55,4.3,42.27,17.63,7.89,22.24,79.46,83.73,73.17,88.24,55.92,37.83,9.34,83.18,30.34,0,24.12,25.36,9.32,83.17,21.37,75.25,52.97,22.27,54.03,64.8,48.08
Signika-Light,23.61,19.71,33.56,37.98,23.32,53.16,92.33,0,57.89,8.66,7.06,4.3,47.55,12.45,7.85,11.88,88.09,87.03,70.71,92.12,50.28,32.76,9.32,81,27.3,0,18.96,7.63,10.06,73.94,24.48,88.71,32.88,22.4,61.05,51.55,41.57
SourceSansPro-Semibold,20.38,9.95,52.45,53.72,14.4,33.12,78.52,0,59.1,16.08,12.95,4.3,37.03,12,7.85,24.14,93.53,92.23,81.82,90,57.57,45.54,9.32,86.79,34.21,0,16.13,25.53,9.77,72.02,17.43,68.31,60.61,31.34,40.61,71.26,49.37
Thabit,31.65,22.59,16.64,15.17,32.42,98.33,88.84,0,44.53,2.63,23.7,4.37,37.41,22.72,7.85,22.45,75.92,73.25,66.95,92.8,16.76,29.64,9.34,80.97,14.05,100,26.28,15.97,87.47,73.76,18.43,88.46,26.6,23.69,76.07,33.58,53.15
UbuntuCondensed-Regular,26.78,28.36,31.21,44.65,24.93,50.82,91.87,0,58.46,17.39,15.84,4.3,41.47,19.31,7.85,24.49,76.1,87.41,74.24,89.09,60.76,35.67,9.32,81.75,44.1,0,31.42,25.48,9.73,71.74,27.19,77.25,54.21,19.91,55.66,50.67,39.52
Andada-Italic,71.75,59.73,57.97,76.91,15.12,9.45,81.45,0,91.72,22.72,45.64,3.71,48.44,20.16,7.78,54.74,62.45,93.09,89.96,94.27,83.69,67.89,91.73,83.61,70.28,0,57.43,61.8,86.36,83.66,54.55,77.08,48.66,54.61,53.68,82.36,47.31
Rosario-Bold,21.43,33.05,54.31,60.53,22.14,36.27,70.2,0,61.14,29.1,34.35,4.3,31.26,13,7.71,39.39,73.29,91.72,77.49,87.21,65.02,49.22,9.36,82.92,46.23,0,23.73,44.94,9.47,55.03,17.43,63.53,63.15,34.8,35.91,75.56,46.83
CabinCondensed,16.04,9.64,36.27,51.52,16.24,72.32,88.18,0,61.64,13.6,11.45,4.3,40.51,15.04,7.69,20.82,81.46,85.67,77.27,90.58,59.82,43.93,9.34,88.83,18.9,0,12.75,19,9.43,72.53,13.31,77.62,57.34,22.05,52.28,60.56,37.87
CabinCondensed-Medium,15.75,14.14,41.31,56.25,15.82,55.85,82.13,0,61.62,14.75,13.33,4.3,40.26,13.05,7.69,14.33,79.92,91.67,76.5,89.91,62.49,47.29,9.35,92.42,27.95,0,14.92,26.36,9.77,67.31,0,73.86,58.9,22.42,47.11,61.57,42.27
QuattrocentoSans-Italic,63.92,35.07,35.37,48.88,28.37,50.2,89.7,0,70.02,21.04,20.73,4.23,46.21,28.31,7.62,40.66,71.8,84.53,77.95,92.38,64.29,54.86,91.76,82.51,43.79,0,25.44,19.01,10.88,83.23,53.71,93.34,36.76,18.45,73.88,50.72,47.36
LucidaSansStd,37.49,17.41,35.5,47.27,17.21,47.56,86.87,0,65.52,24.59,13.42,4.3,29.47,15.27,7.58,20.13,73.13,84.17,73.59,91.92,58.94,40.88,9.34,91.94,22.94,0,25.76,24.79,9.21,79.8,21.4,67.91,54.6,30.16,48.57,58.59,56.14
OldStandardTT-Regular,30.56,37.58,34.12,49.21,6.66,55.37,83.43,0,68.74,0.19,16.32,4.24,64.44,19.13,7.55,25.11,84.41,87.68,73.32,97.1,62.38,43.59,9.34,86.23,36.02,0,21.73,24.55,87.33,86.18,18.59,87.22,42.53,35.03,65.96,50.94,43.63
SourceCodePro-Black,24.33,41.41,60.39,59.25,35.39,66.54,57.52,0,57.68,49.79,52.37,4.45,29.13,39.04,7.54,44.23,61.56,83.37,72.32,76.46,52.17,42.98,9.31,63.91,36.91,100,42.31,44.97,11.45,50.36,33.16,59.81,76.32,60.02,22.73,81.94,64.03
UbuntuMono-Bold,34.52,34.94,51.97,57.31,36.4,77.3,65.55,0,58.78,48.49,43.69,4.45,35.04,49.35,7.54,49.76,60.32,86.15,61.38,69.09,47.91,37.29,9.34,55.98,50.66,100,49.07,49.65,10.2,36.19,40.17,59.91,60.51,56.77,21.34,55.58,49.36
Acme-Regular,26.48,32.19,53.55,62.69,13.32,41.52,75.72,0,64.08,26.8,28.06,4.3,41.28,13.43,7.46,38.43,73.39,91.8,80.55,89.3,61.98,47.21,9.34,89.24,42.18,0,36.56,42.21,9.43,59.17,20.8,64.95,64.78,34.69,34.05,76.23,45.18
Roboto-Regular,8.36,7.23,38.86,53.05,14.22,50.12,84.04,0,61.29,5.53,12.49,4.3,35.79,10.77,7.46,14.72,82.16,88.88,73.38,91.89,59.67,33.95,9.34,93.46,20.14,0,0,24.39,9.88,76.58,14.1,79.43,53.64,17.55,47.99,58.73,53.45
Signika-Semibold,21.35,23.4,57.49,58.81,13.71,48.53,70.5,0,64.13,17.57,22.49,4.3,41.87,12.99,7.46,34.85,86.03,92.9,76.66,86.91,67.57,41.28,9.32,91.69,43.56,0,24.54,39.93,9.33,61.59,19.6,62.86,64.16,31.67,31.2,78.97,47.41
Share-BoldItalicOSF,60.5,31.75,58.68,57,23.45,41.24,70.22,0,69.19,37.43,29.56,4.23,34.49,19.11,7.45,36.46,67.59,89.6,80.1,85.97,71.29,42.9,91.69,81.15,47.99,0,33.57,51.6,9.63,62.32,45.81,54.95,66.64,30.7,27.45,81.06,45.93
Telex-Regular,20.18,14.08,38.34,53.95,18.27,51.51,83.93,0,62.55,13.72,13.65,4.3,39.59,12.67,7.32,29.64,80.46,90.49,79.51,87.23,58.01,49.7,9.35,89.67,27.27,0,22.45,34.26,9.73,66.7,13.54,77.08,53.87,24.75,50.55,55.5,51.16
ArchivoNarrow-Regular,4.67,14.97,26.7,40.63,23.83,51.75,89.53,0,50.7,16.66,14.29,4.3,38.16,14.94,7.3,15.39,80.97,84.36,72.51,85.6,52.81,37.14,9.35,82.83,30.33,0,14.1,16.47,9.43,81.39,19.83,79.53,53.6,17.92,58.14,61.15,37.13
RobotoCondensed-Regular,19.45,15.1,40.72,52.43,17.6,43.34,84.95,0,61.97,10.22,7,4.3,39.07,11.54,7.3,15.95,78.76,88.8,75.4,91.97,64.8,41.24,9.34,88.3,36.25,0,14.66,31.28,9.88,72.18,13.16,77.84,57.5,22.01,46.88,60.72,42.77
Futura-Medium,39.88,25.29,50.6,58.02,20.79,56.43,74.14,0,59.45,17.68,9.81,4.3,29.51,21.16,7.27,29.53,78.55,97.55,75.23,88.94,62.45,54.08,9.34,93.59,35.01,0,25.13,46.36,9.13,59.14,12.8,70.53,67.06,25.39,38.56,64.7,51.45
BenchNine-Regular,41.03,27.93,30.69,35.24,32.67,91.8,91.63,0,61.03,17.12,29.88,4.3,46.93,24.98,7.23,22.26,81.32,74.8,65.47,90.52,44.2,39,9.32,61.85,19.48,0,30.43,19.38,8.76,67.32,35.53,81.13,44.94,23.94,64.13,35.43,22.12
CrimsonText-Semibold,27.19,27.4,51.3,65.64,0,44.01,83.55,0,73.81,6.61,12.96,4.67,45.63,0,7.22,28.82,91.71,91.43,80.97,96.45,69.27,60.7,9.34,91.41,47.38,0,26.9,37.75,86.04,85.22,22.03,83.61,54.16,43.28,50.09,64.96,46.25
MavenProBlack,24.7,28.58,65.92,61.96,31.79,61.75,66.91,0,56.05,32.71,41.72,4.3,26.99,27.2,7.2,43.95,60.6,80.03,65.83,83.92,55.41,45.9,9.34,74.8,45.75,0,25.68,55.19,10.04,57.25,28.2,56.67,76.45,33.86,30.27,63.2,58.13
Bentham-Regular,37.02,41.31,31.85,50.39,13.99,37.62,88.86,0,62.54,8.4,33.44,4.16,49.24,9.65,7.18,36.35,99.82,93.82,79.03,100,53.91,43.53,9.34,88.85,41.96,0,27.88,26.45,86.13,82.44,27.49,90.58,41.31,41.83,65.91,55.17,44.27
Oldenburg-Regular,37.87,36.45,49.18,70.22,28.91,46.07,83.61,0,71.5,20.02,45.44,7.05,40.17,20.52,7.17,39.77,68.97,91.42,80.06,89.66,69.3,56.73,8.89,84.05,52.55,0,42.49,42.3,83.85,62.14,32.62,79.36,59.64,66.59,51.71,67.86,56.74
SourceCodePro-Light,37.96,22.07,0,5.34,62.09,94.33,86.11,0,34.33,23.75,21.43,4.3,27.62,38.5,7.1,26.55,71.34,67.54,46.31,84.11,23.38,9.37,9.34,58.87,19.05,100,24.01,12.69,10.26,68.76,27.24,89.22,13.8,21.96,95.29,24.98,55.97
GEInspira,31.16,15.86,19.48,34.25,30.86,69.27,89.16,0,52.54,13,13.7,4.3,34.97,26.09,7.05,29.26,70.22,82.88,70.51,87.48,50.48,34.51,9.32,64.59,30.2,0,21.77,10.03,9.65,65.88,25.3,84.77,36.44,19.24,75.37,58.74,43.24
Philosopher,48.24,33.12,35.86,61.23,13.8,54.3,95.1,0,68.1,16.51,28.91,4.24,44.82,29.33,7.03,30.01,81.39,87.5,74.52,94.86,72.34,46.73,9.36,81.72,39.85,0,42.71,34.32,15.91,86.79,28.34,92.59,44.49,31.74,57.38,59.12,46.05
GillSansStd-Bold,21.16,21.54,68.2,65.36,21.32,40.73,73.27,0,63.11,28.08,22.54,4.3,28.71,13.81,7.01,34.43,74.44,91.3,72.31,87.47,61.67,39.91,9.34,93.46,42.24,0,22.91,40.32,11.35,60.17,17.09,63.12,75.48,42.24,23.75,74.95,52.63
Dosis-Light,29.62,12.66,18.49,23.79,26.7,77.01,96,0,53.28,26.19,10.52,4.3,47.49,20.21,6.99,17.83,79.44,78.15,58.84,90.39,46.53,30.02,9.32,72.91,28.23,0,11.28,11.85,9.9,71.78,25.42,98.2,29.03,18.74,91.74,31.96,35.54
Lekton-Italic,75.55,43.8,19.85,28.54,41.87,59.56,89.07,0,47.74,41.09,31.93,4.23,50.55,46.34,6.99,33.21,50.48,72.77,62.77,87.13,43.91,31.49,91.67,62.66,44,100,37.15,17.2,10.07,69.85,70.47,81.56,26.92,41.19,95.69,34.55,42.38
Muli,27.41,10.61,23.43,43.18,20.83,59.61,89.92,0,52.18,7.98,1.65,4.3,39.73,16.37,6.93,10.45,82.64,91.17,78.71,90.6,55.9,36.96,9.35,89.51,21.97,0,12.11,16.44,9.23,79.75,13.47,86.11,52.4,1.43,57.19,51.7,49.84
SourceSansPro-LightIt,58.27,33.14,19.58,2.23,30.3,71.25,91.42,0,45.01,23.75,27.37,4.23,47.72,27.66,6.92,24.28,62.89,82.42,69.99,92.33,42.4,39.13,91.76,68.81,34.05,0,28.51,0,9.9,72.87,53.48,88.28,22.35,25.68,89.55,41.33,39.09
Oranienbaum-Regular,27.11,36.24,23.42,42.98,14.6,35.55,86.47,0,61.64,15.78,22.82,4.24,53.66,16.54,6.91,28.82,86.07,93.06,76.91,97.12,64.39,47.5,9.36,83.23,39.42,0,22.51,31.45,86.74,86.59,15,82.59,44.8,32.07,72.15,60.08,39.26
Raleway-SemiBold,1.87,22.04,50.82,62.99,16.07,53.87,76.85,0,60.29,15.11,22.18,4.3,33.25,19.26,6.89,30.3,76.34,93.38,76.83,85.73,66.4,44.98,9.35,91.65,37.61,0,17.99,24.25,9.33,74.61,18.79,72.2,63.96,28.43,40.67,85.5,53.45
ARSMaquetteWebOne,13.99,16.92,34,56.37,17.38,62.4,86.27,0,57.9,11.08,4.21,4.3,37.38,9.75,6.76,15.48,80.97,91.4,76.59,88.71,59.45,35.62,9.35,83.06,23.83,0,20.08,15.04,9.06,65.4,17.9,74.87,52.08,30.4,52.1,55.08,53.16
ArialUnicodeMS,7.36,0,32.24,49.27,11.17,61.28,87.73,0,55.24,2.92,4.15,4.3,34.04,12.14,6.76,2.24,85.76,93.43,79.42,88.44,67.31,38.83,9.34,96.57,21.59,0,9.54,23.8,9.73,73.34,8.66,78.54,55.5,5.62,51.05,64.83,51.06
Arimo-Bold,24.37,13.31,60.1,64.77,17.04,50.94,70.3,0,61.67,16,18.56,4.3,28.35,16.86,6.76,28.64,81.34,94.09,75.07,86.36,65.53,41.57,9.34,97.81,35.23,0,17.69,46.79,9.63,54.26,11.46,60.35,73.52,25.11,27.24,72.27,58.04
Cabin-SemiBoldItalic,56.16,33.78,55.5,65.05,18.24,29.96,77.81,0,73.99,18.05,26.17,4.23,41.55,21.46,6.76,37.61,78.01,92.57,81.92,90.46,70.42,56.18,91.73,96.83,54.19,0,31.31,39.29,9.63,66.34,43.5,73.79,61.99,33.31,38.7,70.89,47.1
Calluna-Regular,39.79,25.87,26.64,51.33,7.91,40.88,87.29,0,66.22,8.2,21.57,4.24,49.67,10.79,6.74,25.58,89.24,94.19,84.47,91.35,63.13,40.31,9.35,86.43,39.41,0,20.81,24.7,86.75,89.2,21.27,81.64,47.28,33.9,57.81,49.01,45.4
IM_FELL_French_Canon_Roman,39.81,31.51,40.53,59.89,15.04,43.61,85.04,0,71.47,17.26,30.04,4.74,42.33,21.29,6.66,31.79,88.55,89.97,85.22,90.71,75.32,51.7,9.34,85.56,44.96,0,28.18,20.03,88.02,89.51,17.52,84.51,47.4,42.29,63.38,64.01,50.15
HoeflerText-Regular,33.56,23.51,39.03,54.97,3.15,36.1,83.44,0,72.33,10.73,22.1,4.86,40.26,13.81,6.64,37.02,93.46,89.8,79.94,94.1,75.36,50.88,9.37,91.01,50.94,0,27.47,34.87,87.56,94.86,22.48,78.8,50.01,28.64,61.23,65.86,44.49
Milonga-Regular,32.41,64.18,57.38,73.51,14.59,30.42,80.61,0,80.3,13.06,49.63,4.74,52.57,33,6.64,57.94,67.92,94.4,85.8,93.76,81.23,68.77,9.37,92.41,61.53,0,52.1,48.57,81.83,72.79,61.74,80.62,53.53,64.64,55.96,70.3,53.13
Amethysta-Regular,48.83,21,38.39,47.94,6.71,37.52,86.84,0,70.93,3.24,15.47,4.24,38.63,9.32,6.57,16.6,94.88,94.63,74.32,95.56,78.48,51.92,9.34,94.9,41.64,0,19.82,36.67,85.72,96.53,15.72,80.24,56.19,46.3,51.35,49.21,52.91
Arvo-Bold,27.86,37.03,61.33,70.08,17.66,64.93,57.64,0,63.24,33.13,48.1,4.27,24.51,20.85,6.57,47.39,82.11,86.72,66.83,78.91,61,39.51,9.3,80.32,39.88,0,35.11,48.55,84.11,60.14,20.92,58.21,77,63.83,20.99,82.7,61.1
Enriqueta-Regular,23.98,23.56,45.88,60.54,9.59,38.02,83.52,0,67.74,12.88,25.2,4.3,37.83,14.46,6.57,22.01,94.94,91.55,81.27,93.9,73.39,49.67,9.34,89.39,35.6,0,25.78,20.87,81.71,87.75,17.65,77.13,52.63,43.05,55.33,62.13,52.28
Raleway-Bold,17.72,21.77,59.19,66.89,23.23,61.13,68.49,0,59.81,19.63,26.08,4.3,29.6,25,6.57,35.01,76.61,94.12,78.87,85.52,66.99,53.44,9.35,96.36,36.33,0,29.68,47.66,9.19,50.57,11.73,63.29,72.27,36.34,26.81,74.81,57.64
Simonetta-Black,55.02,64.35,70.02,74.68,29.29,28.6,63.66,0,78.98,43.91,56.29,4.5,40.99,32.87,6.57,58.63,63.03,91.79,78.37,80.07,76.22,60.57,11.2,74.89,64.51,0,52.41,52.83,83.46,58.67,44.76,59.22,70.35,53.56,20.83,91.94,49.04
GillSansStd-BoldItalic,63.53,40.54,62.32,75.99,22.01,23.25,73.87,0,74.6,27.85,35.45,4.23,40.65,22.91,6.49,48.45,57.76,90.15,70.45,87.24,63.89,52.51,91.73,84.35,54.81,0,44.96,41.99,12.02,57.43,50.2,59.88,71.76,43.57,31.22,80.93,50.93
Andada-Bold,36.81,35.15,69.41,73.51,17.85,43.78,68.49,0,68.05,31.2,38.8,4.24,27.38,14.03,6.47,37.8,81.48,88.12,69.16,85.45,70.49,54.23,9.35,90.81,44.37,0,29.96,58.53,85.02,68.08,24.4,50.52,74.5,50.43,20.21,76.73,54.22
Roboto-Black,14.98,22.07,60.17,53.8,23.8,52.33,66.89,0,57.47,24.48,20.64,4.3,25.2,19.02,6.45,28.79,79.64,86.4,63.43,82.8,61.7,42.48,9.34,94.22,27.9,0,13.51,51.01,9.63,63.35,11.68,56.89,77.71,27.45,17.44,81.95,55.52
Merriweather-Bold,38.06,31.97,57.96,72.52,17.28,35.26,66.08,0,69.42,19.25,40.9,4.24,27.58,15.84,6.44,42.42,78.38,89.22,69.12,91.02,70.24,41.24,9.34,96.16,46.06,0,35.22,53.71,88.02,71.92,19.89,54.71,73.45,54.39,32.12,81.57,62.96
Chivo-Italic,49.67,31.61,41.11,55.87,19.82,37.9,83.39,0,63.97,25.97,26.5,4.23,47.66,24.87,6.36,34.04,77.98,91.67,80.66,91.59,72.53,65.65,91.73,91.22,44.86,0,29.82,44.7,9.77,77.12,46.38,74.9,52.32,30.49,51.99,71.5,53.01
Roboto-MediumItalic,55.15,33.6,56.53,64.29,17.7,29.88,77.69,0,71.88,15.36,24.46,4.23,40.76,18.15,6.36,34.36,78.32,92.26,81.54,89.96,74.36,54.3,91.73,96.86,46.81,0,27.12,50.99,9.63,81.81,45.59,72.18,61.65,29.1,40.71,77.91,53.51
TenorSans,28.16,9.93,30.19,44.98,10.41,54.59,93.82,0,62.8,10.41,3.72,4.24,42.02,11.47,6.35,19.81,86.87,93.3,70,90.95,56.2,36.29,9.34,85.9,25.46,0,13.08,9.42,15.77,79.44,21.13,85.5,46.93,8.26,61.61,52.17,49.86
Tinos-Bold,40.04,28.53,58.95,73.77,9.27,31.95,76.11,0,67.32,14.77,29.62,4.24,32.19,6.59,6.35,34.09,86.87,95.86,75.66,91.45,75.17,48.06,9.34,93.55,49.08,0,26.99,54.23,88.02,79.53,13.84,62.82,67.88,47.13,31.59,80.86,47.8
Economica-Italic,72.56,45.13,27.68,36.24,45.27,66.5,81.98,0,62.51,36.69,45.7,4.23,51.21,33.04,6.32,39.89,52.09,70.88,61.35,82.79,41.31,26.85,91.73,60.7,62.96,0,38.85,26.83,8.83,64.45,62.64,87.24,36.47,36.2,74.29,17.98,23.23
Lato-Italic,43.64,35.86,43.37,66.11,23.87,34.16,86.15,0,73.18,24.66,19.47,4.23,45.66,25.79,6.24,34.21,73.75,93.91,82.01,91.63,72.63,54.66,91.73,86.72,40.93,0,30.95,28.59,9.73,80.44,51.45,84.83,53.6,23.18,55.1,74.53,41.7
Ubuntu-Italic,72.65,44.04,46.41,64.86,24.47,28.04,79.27,0,70.16,32.4,22.28,4.48,46.09,36.11,6.24,51.07,65.19,92.33,80.14,89.43,71.13,56.76,91.73,91.12,48.21,0,36.04,28.39,9.77,78.9,50.23,82.74,49.53,28.18,50.72,58.39,53.14
TitilliumWeb-Black,16.31,25.17,68.85,33.79,72.81,65.76,47.44,0,53.41,45.84,51.26,4.3,9.93,36.09,6.16,38.8,58.01,73.75,35.35,75.1,53.8,30.73,9.32,42.82,40.35,0,27.89,59.17,9.5,42.12,6.72,36.07,76.69,41.05,10.49,60.22,57.45
Arvo-Italic,86.86,51.59,55.03,75.69,31.07,23.64,74.82,0,73.24,30.18,37.27,4.23,43.82,23.75,6.05,42.38,70.44,93.53,75.94,89.13,71.92,56.11,91.73,89.19,54.54,0,50.53,42.95,81.78,92.56,50.03,68.01,60.36,69.44,41.58,73.65,59.73
Buenard-Bold,27.96,32.08,63.67,78.6,4.4,27.04,70.62,0,73.1,13.51,32.87,4.21,36.88,10.45,6.04,33.69,86.54,93.97,72.42,94.42,75.85,56.84,9.34,88.49,43.5,0,32.6,57.05,87.24,82.72,23.18,66.1,65.21,46.02,36.12,78.64,49.12
GFSDidot-Regular,10.33,29.06,27.38,56.23,7.06,43.69,86.44,0,66.93,5.2,14.86,4.24,50.53,12.48,6.04,20.21,95.7,93.84,83.27,97.66,68.4,52.55,9.35,90.39,29.96,0,17.17,10.4,88.16,92.35,22.8,87.71,49.02,37.35,62.41,58.59,46.98
Merriweather,36.64,22.82,45.91,61.84,12.69,40.36,83.08,0,67.66,10.79,31,4.24,38.33,13.51,6.04,28.02,91.37,91.57,76.52,95.89,66.57,52.24,9.35,92.51,39.24,0,21.03,39.61,87.12,79.26,15.72,74.89,64.15,48.38,50.81,56.97,57.75
Palatino-Roman,38.07,19.65,29.58,47.58,12.52,41,87.82,0,69.67,10.37,29.4,4.24,40.96,15.94,6.04,26.86,91.87,89.74,83.51,93.97,65.64,35.74,9.34,93.26,41.73,0,20.73,19.4,86.82,91.38,19.8,80.41,48.15,40,61.8,64.62,45.32
Arimo-BoldItalic,51.68,34.05,58.95,68.77,22.69,24.95,74.08,0,72.63,26.21,35.06,4.38,38.85,26.48,5.93,40.66,63.78,93.68,77.41,85.96,73.71,57.62,91.73,96.05,54,0,28.29,51.32,11.06,61.58,45.92,62.37,71.84,40.56,30.09,81.97,58.75
Lato-BlackItalic,51.13,44.97,65.34,76.78,29.01,34.06,69.64,0,75.38,37.69,31.13,4.23,35.38,23.42,5.93,47.71,62.65,89.41,73.16,84.57,70.45,56.32,91.73,93.73,50.28,0,34.37,50.97,9.63,59.11,45.19,53.69,70.54,50.07,23.27,90.68,55.13
Lato-BoldItalic,42.86,43.8,57.69,74.74,23.43,29.11,76.05,0,73.59,32.14,29.25,4.23,41.89,24.97,5.93,40.79,72.58,94.03,83.15,91.44,72.55,55.34,91.73,91.64,48.44,0,31.34,45.99,9.63,76.19,46.04,64.22,63.93,36.53,34.76,91.84,47.25
PlayfairDisplay-Black,28.91,41.67,70.43,81.83,34.85,39.77,51.41,0,72.75,30.49,51.09,4.24,29.46,17.27,5.91,57.36,74.6,86.89,67.15,92.02,70.42,43.73,9.36,85.42,63.65,0,23.61,64.1,87.86,67.3,23.72,45.27,82.41,71.41,18.26,78.04,65.6
Overlock-Italic,51.87,45.29,40.31,55.11,24.67,30.62,92.53,0,76.69,25.42,32.02,4.35,49.96,29.13,5.89,46.24,69.89,86.02,87.19,93.72,72.86,50.2,91.5,77.08,56.14,0,50.42,26.27,9.05,76.69,51.58,97.42,36.49,52.96,68.64,57.01,39.59
OpenSans-CondensedLight,21.35,19.31,9.21,17.06,27.05,83.88,96.22,0,43.8,22.72,15.19,4.3,47.97,16.51,5.78,16.02,84.75,71.11,74.23,91.08,46.86,27.59,9.32,76,26.75,0,25.09,6,9.23,76.94,31.74,94.81,28.67,30.01,75.35,18.64,24.97
Tuffy-BoldItalic,59.29,53.19,65.14,77.39,27.03,26.31,73.79,0,70.5,30.06,37.83,4.23,42.33,33.11,5.77,37.24,60.38,88.63,81.81,88.48,70.67,63.59,91.73,90.74,52.47,0,38.28,45.62,10.92,63.07,47.13,60.89,64.49,44.77,35.72,81.46,51.06
Arvo-BoldItalic,71.07,57.18,66.98,79.72,40,42.89,51.81,0,65.91,52.85,61.57,5.33,32,45.6,5.71,59.88,57.24,81.27,65.52,80.48,72.08,45.26,91.73,82.47,57.61,0,46.49,57.1,84,55.69,60.09,46.35,81.48,67.33,17.86,73.18,62
Roboto-Light,22.21,4.21,14.18,30.76,15.75,70.79,94.54,0,50.2,3.01,0,4.3,48.57,12.02,5.55,6.94,80.86,87.19,68.56,91.26,39.99,35.32,9.34,86.78,15.71,0,7.85,8.97,10.2,77.69,14.84,92.27,33.73,0.68,77.65,50.37,48.24
Bevan,32.17,42.79,62.14,62.79,32.95,65.22,55.44,0,51.96,42.89,50.89,3.78,18.99,33.06,5.46,48.43,57.37,80.17,62.13,74.76,49.04,34.49,9.34,72.59,37.94,0,30.28,56.74,82.83,52.7,20.82,51.13,93.73,53.86,18.78,73.96,66.42
RobotoCondensed-Light,4.87,14.21,15.17,37.13,23.21,68.99,99.97,0,48.67,6.13,5.21,4.3,47.61,18.53,5.38,0,84.82,83.88,64.67,92.48,46.54,23.42,9.32,82.83,24.17,0,6.42,9.43,10.36,77.71,19.56,91.63,34.03,19.84,76.14,38.04,32.29
IstokWeb-Bold,0,18.6,59.34,58.07,17.16,47.37,71.85,0,61.46,10.95,16.39,4.3,31.71,13.96,5.34,28.94,79.86,88.82,76.06,87.86,65.48,43.86,9.32,100,37.24,0,21.11,30.09,9.51,58.86,12.46,61.6,74.7,29.18,27.31,79.54,53.57
Neuton-Light,24.69,26.99,24.15,38.78,8.96,57.61,91.75,0,58.38,5.3,23.56,4.24,50.05,9.68,5.01,18.07,87.95,87.67,76.73,96.99,58.26,41.48,9.35,83.7,33.06,0,21.7,22.92,87.8,84.29,22.42,91.71,39.92,25.99,72.78,43.61,42.72